{
	"a": {
		"a": 0,
		"b": 0,
		"c": 0.0016091954022988506,
		"d": 0.00022988505747126436,
		"e": 0.07862068965517241,
		"f": 0,
		"g": 0,
		"h": 0.0004597701149425287,
		"i": 0.027126436781609194,
		"j": 0,
		"k": 0.00022988505747126436,
		"l": 0,
		"m": 0,
		"n": 0.000689655172413793,
		"o": 0.01747126436781609,
		"p": 0,
		"q": 0,
		"r": 0.00022988505747126436,
		"s": 0.008045977011494253,
		"t": 0.0020689655172413794,
		"u": 0.0020689655172413794,
		"v": 0,
		"w": 0.00022988505747126436,
		"x": 0,
		"y": 0.0011494252873563218,
		"z": 0
	},
	"b": {
		"a": 0,
		"b": 0,
		"c": 0.0020689655172413794,
		"d": 0.0020689655172413794,
		"e": 0.0004597701149425287,
		"f": 0.0004597701149425287,
		"g": 0.000689655172413793,
		"h": 0.00022988505747126436,
		"i": 0,
		"j": 0,
		"k": 0,
		"l": 0.0011494252873563218,
		"m": 0.002528735632183908,
		"n": 0.0011494252873563218,
		"o": 0,
		"p": 0.0022988505747126436,
		"q": 0,
		"r": 0,
		"s": 0.0004597701149425287,
		"t": 0.00022988505747126436,
		"u": 0,
		"v": 0,
		"w": 0.0018390804597701149,
		"x": 0,
		"y": 0,
		"z": 0
	},
	"c": {
		"a": 0.001379310344827586,
		"b": 0.0011494252873563218,
		"c": 0,
		"d": 0.0036781609195402297,
		"e": 0,
		"f": 0.0020689655172413794,
		"g": 0.0011494252873563218,
		"h": 0,
		"i": 0,
		"j": 0,
		"k": 0.00022988505747126436,
		"l": 0,
		"m": 0.0016091954022988506,
		"n": 0.0020689655172413794,
		"o": 0.00022988505747126436,
		"p": 0.0022988505747126436,
		"q": 0.0004597701149425287,
		"r": 0.0011494252873563218,
		"s": 0.00896551724137931,
		"t": 0.009195402298850575,
		"u": 0.00022988505747126436,
		"v": 0.000689655172413793,
		"w": 0.0016091954022988506,
		"x": 0.00022988505747126436,
		"y": 0.00022988505747126436,
		"z": 0
	},
	"d": {
		"a": 0.00022988505747126436,
		"b": 0.0022988505747126436,
		"c": 0.002988505747126437,
		"d": 0,
		"e": 0.002758620689655172,
		"f": 0,
		"g": 0.0011494252873563218,
		"h": 0.0011494252873563218,
		"i": 0,
		"j": 0,
		"k": 0.0004597701149425287,
		"l": 0.000689655172413793,
		"m": 0.0016091954022988506,
		"n": 0.000689655172413793,
		"o": 0,
		"p": 0.00022988505747126436,
		"q": 0,
		"r": 0.009885057471264367,
		"s": 0.006896551724137931,
		"t": 0.005057471264367816,
		"u": 0,
		"v": 0,
		"w": 0.0009195402298850574,
		"x": 0,
		"y": 0.0004597701149425287,
		"z": 0
	},
	"e": {
		"a": 0.08919540229885058,
		"b": 0,
		"c": 0.000689655172413793,
		"d": 0.002528735632183908,
		"e": 0,
		"f": 0.0004597701149425287,
		"g": 0.0004597701149425287,
		"h": 0,
		"i": 0.02045977011494253,
		"j": 0,
		"k": 0,
		"l": 0.000689655172413793,
		"m": 0,
		"n": 0.0011494252873563218,
		"o": 0.021379310344827585,
		"p": 0,
		"q": 0,
		"r": 0.003218390804597701,
		"s": 0.002758620689655172,
		"t": 0.001379310344827586,
		"u": 0.0034482758620689655,
		"v": 0,
		"w": 0.00022988505747126436,
		"x": 0,
		"y": 0.004137931034482759,
		"z": 0
	},
	"f": {
		"a": 0,
		"b": 0.0034482758620689655,
		"c": 0,
		"d": 0.000689655172413793,
		"e": 0.00022988505747126436,
		"f": 0,
		"g": 0.0011494252873563218,
		"h": 0.0004597701149425287,
		"i": 0,
		"j": 0,
		"k": 0,
		"l": 0.000689655172413793,
		"m": 0,
		"n": 0,
		"o": 0.0004597701149425287,
		"p": 0.00022988505747126436,
		"q": 0.000689655172413793,
		"r": 0.0011494252873563218,
		"s": 0.002988505747126437,
		"t": 0.004827586206896552,
		"u": 0,
		"v": 0,
		"w": 0.00022988505747126436,
		"x": 0,
		"y": 0.000689655172413793,
		"z": 0
	},
	"g": {
		"a": 0.0009195402298850574,
		"b": 0.00022988505747126436,
		"c": 0.002528735632183908,
		"d": 0.002528735632183908,
		"e": 0.0020689655172413794,
		"f": 0.0004597701149425287,
		"g": 0,
		"h": 0,
		"i": 0,
		"j": 0.00022988505747126436,
		"k": 0.00022988505747126436,
		"l": 0.000689655172413793,
		"m": 0,
		"n": 0,
		"o": 0.0004597701149425287,
		"p": 0.00022988505747126436,
		"q": 0.000689655172413793,
		"r": 0.0011494252873563218,
		"s": 0.002988505747126437,
		"t": 0.004827586206896552,
		"u": 0,
		"v": 0,
		"w": 0.00022988505747126436,
		"x": 0,
		"y": 0.000689655172413793,
		"z": 0
	},
	"h": {
		"a": 0.00022988505747126436,
		"b": 0.0018390804597701149,
		"c": 0,
		"d": 0.000689655172413793,
		"e": 0,
		"f": 0,
		"g": 0,
		"h": 0,
		"i": 0,
		"j": 0,
		"k": 0.0004597701149425287,
		"l": 0,
		"m": 0.002758620689655172,
		"n": 0.003218390804597701,
		"o": 0.0004597701149425287,
		"p": 0.000689655172413793,
		"q": 0,
		"r": 0.000689655172413793,
		"s": 0.00022988505747126436,
		"t": 0.002528735632183908,
		"u": 0,
		"v": 0,
		"w": 0.0004597701149425287,
		"x": 0,
		"y": 0,
		"z": 0
	},
	"i": {
		"a": 0.02367816091954023,
		"b": 0,
		"c": 0,
		"d": 0,
		"e": 0.033563218390804596,
		"f": 0,
		"g": 0.00022988505747126436,
		"h": 0,
		"i": 0,
		"j": 0,
		"k": 0,
		"l": 0.001379310344827586,
		"m": 0,
		"n": 0,
		"o": 0.011264367816091954,
		"p": 0,
		"q": 0,
		"r": 0,
		"s": 0.0004597701149425287,
		"t": 0.00022988505747126436,
		"u": 0.010804597701149426,
		"v": 0,
		"w": 0.0004597701149425287,
		"x": 0.00022988505747126436,
		"y": 0.0034482758620689655,
		"z": 0
	},
	"j": {
		"a": 0,
		"b": 0.00022988505747126436,
		"c": 0.00022988505747126436,
		"d": 0.0020689655172413794,
		"e": 0,
		"f": 0,
		"g": 0.00022988505747126436,
		"h": 0,
		"i": 0,
		"j": 0,
		"k": 0,
		"l": 0.0004597701149425287,
		"m": 0.00022988505747126436,
		"n": 0,
		"o": 0,
		"p": 0,
		"q": 0,
		"r": 0,
		"s": 0.0011494252873563218,
		"t": 0,
		"u": 0,
		"v": 0,
		"w": 0,
		"x": 0,
		"y": 0,
		"z": 0
	},
	"k": {
		"a": 0.00022988505747126436,
		"b": 0.0004597701149425287,
		"c": 0.0018390804597701149,
		"d": 0.0009195402298850574,
		"e": 0.00022988505747126436,
		"f": 0.00022988505747126436,
		"g": 0.0004597701149425287,
		"h": 0.0011494252873563218,
		"i": 0,
		"j": 0,
		"k": 0,
		"l": 0,
		"m": 0.0011494252873563218,
		"n": 0,
		"o": 0.0004597701149425287,
		"p": 0,
		"q": 0,
		"r": 0,
		"s": 0.001379310344827586,
		"t": 0,
		"u": 0,
		"v": 0,
		"w": 0.0009195402298850574,
		"x": 0,
		"y": 0,
		"z": 0.000689655172413793
	},
	"l": {
		"a": 0.0004597701149425287,
		"b": 0.0022988505747126436,
		"c": 0.00022988505747126436,
		"d": 0.0009195402298850574,
		"e": 0,
		"f": 0.0009195402298850574,
		"g": 0.0011494252873563218,
		"h": 0.001379310344827586,
		"i": 0.002988505747126437,
		"j": 0,
		"k": 0.00022988505747126436,
		"l": 0,
		"m": 0,
		"n": 0.003218390804597701,
		"o": 0.0004597701149425287,
		"p": 0.0011494252873563218,
		"q": 0,
		"r": 0.002528735632183908,
		"s": 0.0022988505747126436,
		"t": 0.0004597701149425287,
		"u": 0,
		"v": 0,
		"w": 0,
		"x": 0,
		"y": 0,
		"z": 0
	},
	"m": {
		"a": 0.00022988505747126436,
		"b": 0.000689655172413793,
		"c": 0.0016091954022988506,
		"d": 0.0018390804597701149,
		"e": 0,
		"f": 0.0004597701149425287,
		"g": 0,
		"h": 0.001379310344827586,
		"i": 0,
		"j": 0,
		"k": 0.0009195402298850574,
		"l": 0.0009195402298850574,
		"m": 0,
		"n": 0.041379310344827586,
		"o": 0,
		"p": 0.001379310344827586,
		"q": 0,
		"r": 0,
		"s": 0.0020689655172413794,
		"t": 0.0034482758620689655,
		"u": 0.002988505747126437,
		"v": 0.000689655172413793,
		"w": 0.0004597701149425287,
		"x": 0.0004597701149425287,
		"y": 0.000689655172413793,
		"z": 0
	},
	"n": {
		"a": 0.0004597701149425287,
		"b": 0.0016091954022988506,
		"c": 0.001379310344827586,
		"d": 0.0011494252873563218,
		"e": 0.000689655172413793,
		"f": 0,
		"g": 0.00022988505747126436,
		"h": 0.004367816091954023,
		"i": 0,
		"j": 0.00022988505747126436,
		"k": 0,
		"l": 0.0009195402298850574,
		"m": 0.008045977011494253,
		"n": 0.01793103448275862,
		"o": 0,
		"p": 0,
		"q": 0.0016091954022988506,
		"r": 0.006436781609195402,
		"s": 0.0011494252873563218,
		"t": 0.0016091954022988506,
		"u": 0,
		"v": 0,
		"w": 0.00022988505747126436,
		"x": 0.0004597701149425287,
		"y": 0,
		"z": 0.0004597701149425287
	},
	"o": {
		"a": 0.020919540229885056,
		"b": 0.00022988505747126436,
		"c": 0.00022988505747126436,
		"d": 0.000689655172413793,
		"e": 0.02666666666666667,
		"f": 0,
		"g": 0,
		"h": 0,
		"i": 0.005747126436781609,