{
	"a": 0.14022988505747128,
	"b": 0.015632183908045976,
	"c": 0.038620689655172416,
	"d": 0.037471264367816094,
	"e": 0.152183908045977,
	"f": 0.01793103448275862,
	"g": 0.021149425287356322,
	"h": 0.014252873563218391,
	"i": 0.0857471264367816,
	"j": 0.004597701149425287,
	"k": 0.010114942528735632,
	"l": 0.020689655172413793,
	"m": 0.06160919540229885,
	"n": 0.04896551724137931,
	"o": 0.07586206896551724,
	"p": 0.018620689655172412,
	"q": 0.006436781609195402,
	"r": 0.03701149425287356,
	"s": 0.0503448275862069,
	"t": 0.0496551724137931,
	"u": 0.04298850574712643,
	"v": 0.0052873563218390806,
	"w": 0.006666666666666667,
	"x": 0.002528735632183908,
	"y": 0.02436781609195402,
	"z": 0.011034482758620689
}
