{
	"a": 0.14620689655172414,
	"b": 0.023448275862068966,
	"c": 0.026436781609195402,
	"d": 0.04666666666666667,
	"e": 0.1714942528735632,
	"f": 0.009655172413793104,
	"g": 0.019310344827586208,
	"h": 0.015862068965517243,
	"i": 0.07540229885057471,
	"j": 0.002988505747126437,
	"k": 0.004597701149425287,
	"l": 0.021149425287356322,
	"m": 0.02413793103448276,
	"n": 0.08045977011494253,
	"o": 0.06919540229885057,
	"p": 0.019770114942528734,
	"q": 0.0034482758620689655,
	"r": 0.037241379310344824,
	"s": 0.07241379310344828,
	"t": 0.052873563218390804,
	"u": 0.030804597701149426,
	"v": 0.002758620689655172,
	"w": 0.014022988505747127,
	"x": 0.002528735632183908,
	"y": 0.02436781609195402,
	"z": 0.002758620689655172
}
